<?xml version="1.0" encoding="UTF-8"?>
<project-private xmlns="http://www.netbeans.org/ns/project-private/1">
    <editor-bookmarks xmlns="http://www.netbeans.org/ns/editor-bookmarks/2" lastBookmarkId="0"/>
    <open-files xmlns="http://www.netbeans.org/ns/projectui-open-files/2">
        <group>
            <file>file:/home/rmeyerdev/DAM/PRO/UT4/Person/src/person/FootballPlayer.java</file>
            <file>file:/home/rmeyerdev/DAM/PRO/UT4/Person/src/person/Person.java</file>
            <file>file:/home/rmeyerdev/DAM/PRO/UT4/Person/src/person/Trainer.java</file>
            <file>file:/home/rmeyerdev/DAM/PRO/UT4/Person/src/person/Masseuse.java</file>
        </group>
    </open-files>
</project-private>
